id,is_admin,created_at,updated_at,last_login
30648376744,0,2021-02-19 20:28:08,2021-02-27 18:16:34,2021-02-28 05:23:53
23720705319,1,2020-01-14 04:33:54,2020-08-17 15:27:38,2020-11-22 17:53:40
67804167288,0,2020-04-01 20:10:02,2020-09-04 00:20:02,2021-01-19 15:24:14
87903542324,1,2020-08-10 13:09:33,2020-10-04 17:14:40,2021-01-10 02:25:42
53057864141,1,2019-08-23 00:36:36,2019-11-05 01:43:17,2020-08-03 09:52:14
89603334370,1,2019-01-08 17:52:33,2019-07-16 01:59:05,2019-09-09 13:10:19
79710529227,1,2020-02-15 20:11:34,2021-01-01 18:33:07,2021-01-27 04:12:59
54102167891,1,2019-07-28 12:40:59,2021-02-27 08:09:35,2021-02-27 15:24:12
60128279137,1,2021-02-28 19:10:41,2021-02-28 20:08:14,2021-02-28 23:32:09
80530745979,0,2020-09-07 11:31:50,2020-12-28 06:43:18,2021-01-14 21:23:52
98373821376,0,2020-01-18 08:17:19,2020-07-30 04:42:19,2020-11-16 15:16:45
82896647800,0,2019-04-03 18:53:38,2021-01-15 13:29:42,2021-01-25 14:15:30
61419597207,0,2020-01-20 01:04:09,2020-09-17 15:21:48,2021-02-17 10:48:29
82433136836,0,2020-11-10 00:04:55,2021-02-07 16:10:45,2021-02-17 12:14:32
42259464196,0,2019-08-17 11:39:52,2020-10-11 10:16:44,2021-01-21 18:54:11
82914817120,1,2020-06-21 21:23:29,2020-12-23 21:36:12,2021-02-09 01:09:23
20593475067,0,2019-09-30 17:27:48,2020-10-03 00:04:09,2020-10-09 11:01:46
75973655680,0,2019-02-20 00:11:18,2020-04-13 02:33:27,2020-12-06 20:02:58
37785041992,1,2020-02-10 20:22:23,2020-10-01 20:55:58,2020-10-17 18:03:10
11995183509,0,2019-08-15 08:32:21,2020-06-02 19:12:52,2020-12-26 10:56:15
36201696938,1,2020-01-04 22:08:41,2021-02-21 08:39:40,2021-02-23 11:44:51
84487152451,1,2019-02-06 06:57:16,2021-01-22 13:53:59,2021-01-23 00:24:58
23798021090,1,2020-02-09 22:52:13,2020-09-12 06:58:06,2020-12-09 13:25:34
82764048381,0,2020-10-18 04:17:26,2021-02-03 22:13:13,2021-02-25 20:20:56
50213196692,1,2020-09-26 02:32:03,2020-11-02 06:25:50,2020-12-17 22:11:34
38850141536,0,2020-06-30 08:53:42,2020-08-20 01:27:59,2020-12-24 14:28:43
93627826282,0,2020-05-10 23:34:26,2020-05-29 04:03:50,2020-11-25 10:25:29
16570200213,0,2020-01-15 03:39:49,2020-07-15 23:17:12,2020-08-10 15:01:12
83233527847,0,2021-02-20 13:20:30,2021-02-27 02:54:57,2021-02-28 07:20:13
26670179409,1,2020-03-23 16:59:01,2020-10-18 05:26:43,2020-12-05 01:59:51
16621020235,0,2020-09-06 10:19:23,2021-02-05 15:51:23,2021-02-07 07:24:14
60967247827,1,2020-03-07 17:27:14,2020-06-19 14:29:32,2020-10-19 23:30:42
91640248212,1,2020-04-23 08:53:11,2021-01-22 08:50:34,2021-02-10 09:24:06
77324248884,1,2020-12-23 22:47:39,2021-01-19 20:34:15,2021-01-22 06:37:49
72593336357,1,2019-05-15 02:33:40,2019-06-26 13:24:21,2020-04-16 08:03:29
78401862947,1,2019-05-18 09:12:24,2020-01-12 02:22:50,2020-03-17 23:32:06
94530221270,0,2019-08-18 11:31:32,2020-08-25 22:45:30,2020-10-22 08:34:17
52340538959,1,2021-01-17 07:08:27,2021-01-18 03:08:16,2021-02-27 01:42:43
51289842126,0,2020-11-28 18:19:16,2020-11-30 15:10:44,2021-01-31 20:53:26
34940379069,1,2020-02-25 05:27:31,2020-11-05 08:49:28,2021-02-26 21:23:01
42323003991,0,2020-09-15 11:12:59,2021-02-10 14:04:55,2021-02-23 07:49:31
41959829043,0,2019-05-28 19:14:31,2019-11-23 23:07:03,2020-11-03 23:37:41
98878749821,0,2020-11-30 07:46:19,2020-12-31 18:30:19,2021-01-31 16:19:32
28333690459,1,2019-02-20 08:53:22,2019-10-25 05:18:58,2021-01-17 01:19:46
47091632388,1,2020-01-08 08:24:02,2020-02-28 11:40:07,2020-06-30 07:29:09
49112927712,0,2020-05-06 09:38:20,2021-02-11 22:00:43,2021-02-28 23:24:20
23940761782,0,2019-03-22 16:46:11,2019-07-18 16:58:35,2020-01-04 22:32:19
19027248240,0,2020-08-04 03:43:25,2021-01-06 20:35:28,2021-02-06 08:55:16
72010322462,1,2020-08-15 16:07:38,2020-09-07 03:28:37,2020-10-14 11:20:35
24614124711,1,2020-07-11 18:39:18,2021-02-23 11:04:52,2021-02-25 11:03:03
